schema,algorithm,qubits,max_amplitude_error,total_variation_distance,jensen_shannon_divergence,clio_norm_error,qiskit_norm_error,passed
clio-qiskit-comparison-1,bell,2,1.1102230246251565e-16,2.220446049250313e-16,0.0,2.220446049250313e-16,2.220446049250313e-16,True
clio-qiskit-comparison-1,ghz3,3,1.1102230246251565e-16,2.220446049250313e-16,0.0,2.220446049250313e-16,2.220446049250313e-16,True
clio-qiskit-comparison-1,grover2,2,6.661338147750939e-16,6.661338147750939e-16,2.9582283945787943e-31,4.440892098500626e-16,8.881784197001252e-16,True
clio-qiskit-comparison-1,qft_roundtrip,3,6.661338147750939e-16,6.661338147750939e-16,2.9582283945787943e-31,4.440892098500626e-16,8.881784197001252e-16,True
clio-qiskit-comparison-1,bv_1011,5,6.661338147750939e-16,9.43689570931383e-16,0.0,4.440892098500626e-16,1.4432899320127035e-15,True
clio-qiskit-comparison-1,deutsch_jozsa_balanced,4,5.551115123125783e-16,7.771561172376096e-16,8.008566259537326e-17,4.440892098500626e-16,1.1102230246251565e-15,True
